Model_Comparison,Res.Df,RSS,Df,Sum of Sq,F,Pr(>F)
1,5900,5061.27709969474,NA,NA,NA,NA
2,5899,4733.086988180584,1,328.19011151415634,409.03399254155926,5.407513506354132e-88
