intercept_mean,intercept_lower,intercept_upper,slope_mean,slope_lower,slope_upper
-20.462637680489255,-20.682514367511477,-20.25735192075265,0.9588339359282936,0.9501315368773813,0.967729183468882
