scenario,mean,sd,min,max,p10,median,p90
High GDP (90th %ile),204.74134025267014,3.6228632163495513,192.75015458110184,216.86905707376067,200.17180005385111,204.63705865799517,209.49680093587207
Low GDP (25th %ile),1.8254035660165358,0.026691820163303834,1.7446755174754784,1.9071644463308757,1.7895153019191856,1.8259848773607166,1.8590866280960665
Median GDP (50th %ile),7.749572460236204,0.09195790303960791,7.4629085304369305,8.085006909823184,7.631452696421795,7.749076884145421,7.8691073897193275
