gdp_pc_mean,gdp_pc_median,co2_pc_mean,co2_pc_median
12343.737995820768,3950.883089893968,5.127006519579149e-6,2.6794683873847106e-6
