term,estimate,std.error,statistic,p.value
(Intercept),-20.239429245672504,0.11042054100579514,-183.29405979463812,0
log_gdp,0.843494333950889,0.007340458622945583,114.9103042845586,0
log_population,0.16294681122752316,0.008056866458781344,20.224588810197307,5.407513506356914e-88
