term,estimate,std.error,statistic,p.value
(Intercept),-20.465887819380274,0.11358641688527069,-180.1790071435398,0
log_gdp,0.9589501135062334,0.004771359317104375,200.98048580591862,0
