term,estimate,std.error,statistic,p.value
(Intercept),23.921581672605523,9.475002452728353,2.524704536167929,0.011605562379092035
gdp,4.713346888478037e-10,1.916932212047215e-12,245.87968519994513,0
