Variable,Min,Max,Mean,Median
GDP,9542900.90136505,106171667873321,627919801666.51,15695598703.75325
CO₂ Emissions,0.003664,37791.57,319.8819660124653,8.5151635
Population,8778,8091734853,73208456.87004405,6796328.5
